{"35_45": 21.38098899337307, "35_47": 17.017315633950272, "35_49": 16.869596640686886, "35_51": 19.285579320386493, "35_53": 20.726946371567298, "35_55": 20.583093366049734, "35_57": 18.991196255758343, "35_59": 18.451527436512443, "33_45": 22.795742578110442, "33_47": 20.28383705816668, "33_49": 18.75807526290318, "33_51": 15.692474609389922, "33_53": 16.113703807913264, "33_55": 17.81245256319473, "33_57": 18.20370357691358, "33_59": 16.113703807913264, "31_45": 22.522670346935232, "31_47": 23.123539443641874, "31_49": 24.442428307579792, "31_51": 14.806924405963407, "31_53": 17.29546224607998, "31_55": 18.107085913781706, "31_57": 17.601848901384393, "31_59": 20.48902055225885, "29_45": 22.29685401522047, "29_47": 22.41927909486785, "29_49": 30.287920825088154, "29_51": 26.884703859613982, "29_53": 19.142018568178138, "29_55": 19.85462899758025, "29_57": 18.97730316031701, "29_59": 22.358066609008823, "27_45": 21.13379344402759, "27_47": 21.681435439490667, "27_49": 23.9974457483072, "27_51": 31.451898088577654, "27_53": 31.51660096496185, "27_55": 30.459673395205012, "27_57": 30.482536083083115, "27_59": 26.777514232103854, "25_45": 19.37282669404361, "25_47": 18.589359974359002, "25_49": 21.16780933834595, "25_51": 27.535887243142678, "25_53": 31.305270959780568, "25_55": 31.441642579818303, "25_57": 31.403052908250483, "25_59": 29.998575977570543, "23_45": 19.586230133814528, "23_47": 19.45805773358393, "23_49": 21.807149310227455, "23_51": 24.716937883788322, "23_53": 29.174535444534595, "23_55": 29.117272006302226, "23_57": 25.192826481870608, "23_59": 24.82513186206381, "21_45": 19.140284173118097, "21_47": 20.094054062812774, "21_49": 21.565394301197077, "21_51": 24.78181740870644, "21_53": 27.007201308619287, "21_55": 25.763029242241505, "21_57": 25.66887650926966, "21_59": 25.944917172879336}