{"40_20": 23.08054669175248, "40_21": 19.759596590119994, "40_22": 18.57766971099225, "40_23": 24.61399483200513, "40_24": 24.75727239162692, "40_25": 24.4177454242221, "39_20": 24.85163544493022, "39_21": 23.424442893530614, "39_22": 20.029733381569642, "39_23": 23.402996373636547, "39_24": 25.532688401836676, "39_25": 24.43825160920077, "38_20": 25.0472009811086, "38_21": 24.79079085117301, "38_22": 19.158368702125493, "38_23": 18.41352633947309, "38_24": 21.67649028899431, "38_25": 23.052004300806374, "37_20": 25.160850471226638, "37_21": 24.95530544979787, "37_22": 23.1565589198678, "37_23": 22.110731411492704, "37_24": 25.692134894207598, "37_25": 24.86306990045894, "41_20": 21.60084829269103, "41_21": 18.953187744555972, "41_22": 21.510939936787427, "41_23": 22.274835653597073, "41_24": 25.8824899171494, "41_25": 24.45721790069788}