{"72_125": 17.613350407962358, "72_127": 20.582267704959936, "72_129": 11.716088342105508, "72_131": 5.012064899965171, "72_133": 11.550691880994133, "72_135": 9.032963668894714, "72_137": 5.105288174554463, "72_139": 11.531783294385477, "72_141": 19.95556141522416, "72_143": 19.880589459399715, "70_125": 21.066206373676824, "70_127": 19.818881719585995, "70_129": 15.80994304075761, "70_131": 18.57563018024767, "70_133": 21.666267230307085, "70_135": 19.050760439169586, "70_137": 18.96242616518001, "70_139": 19.52970036869625, "70_141": 20.747570899492036, "70_143": 18.65450378268106, "68_125": 19.762586417712907, "68_127": 13.102081251132411, "68_129": 14.39506042798316, "68_131": 16.05821971359539, "68_133": 16.495746334235776, "68_135": 19.2436994123299, "68_137": 15.380664049319318, "68_139": 11.075860265496928, "68_141": 18.295606714172717, "68_143": 19.972041796112414, "66_125": 19.29747194911559, "66_127": 16.299190648797477, "66_129": 11.092872587768538, "66_131": 17.197852812493153, "66_133": 18.061078751252037, "66_135": 16.420174840034374, "66_137": 17.26847135351177, "66_139": 16.41868064206675, "66_141": 8.039690801030911, "66_143": 16.80177243512674, "64_125": 18.129472653308174, "64_127": 19.833387943691395, "64_129": 16.695168883231496, "64_131": 17.393526390948633, "64_133": 13.633998059453699, "64_135": 14.534237010436005, "64_137": 16.452922908922364, "64_139": 13.44964648739126, "64_141": 13.878265330040527, "64_143": 15.76149289343654, "62_125": 16.254049686973243, "62_127": 16.386283052167, "62_129": 16.794494967080997, "62_131": 16.960414173217607, "62_133": 16.363909314018773, "62_135": 16.268016441805095, "62_137": 16.159700821697037, "62_139": 12.79615238688616, "62_141": 6.572316378856092, "62_143": 4.448267790915809}