{"60_30": 23.41447566696582, "60_32": 22.429616698032387, "60_34": 22.5215671480792, "60_36": 22.429616698032387, "60_38": 22.93337710167225, "60_40": 22.04266359212841, "60_42": 20.893317009220045, "60_44": 21.865280472418846, "60_46": 22.75834033251694, "60_48": 22.150971018135756, "58_30": 21.249543949367173, "58_32": 21.528333646115897, "58_34": 21.81049092975059, "58_36": 22.341067784704112, "58_38": 22.429616698032387, "58_40": 22.35592925555391, "58_42": 21.237905667069736, "58_44": 21.266159363013426, "58_46": 21.129835057151716, "58_48": 20.970435189961755, "56_30": 20.83041384134408, "56_32": 19.88323554665107, "56_34": 20.560876847782374, "56_36": 21.058879474742003, "56_38": 21.005921773826167, "56_40": 21.951886806261214, "56_42": 21.80635466060526, "56_44": 21.94136347210467, "56_46": 21.113969254870867, "56_48": 20.855489813913668, "54_30": 20.505420080533767, "54_32": 20.42820334293375, "54_34": 19.91475137662599, "54_36": 20.479065684699798, "54_38": 20.75168752290755, "54_40": 20.967632892153393, "54_42": 21.107041674757983, "54_44": 21.255991439817265, "54_46": 20.55831127914185, "54_48": 20.27058290529127, "52_30": 18.357772608448688, "52_32": 20.717243706117443, "52_34": 20.72359666785248, "52_36": 20.90226020313427, "52_38": 21.523078166110402, "52_40": 20.323754725598825, "52_42": 20.240321224056004, "52_44": 20.20493647285076, "52_46": 21.137504582853524, "52_48": 21.113969254870867, "64_25": 23.745174235502624, "64_27": 22.99082802330773, "64_29": 22.80418363418674, "64_31": 23.689084434314218, "64_33": 23.51625105291578, "64_35": 23.792172770964836, "64_37": 22.674127816860537, "64_39": 23.41447566696582, "64_41": 24.297969469096124, "64_43": 23.322105972900637, "64_45": 23.375500375298156, "64_47": 23.292493602107495, "64_49": 22.957952386324976, "64_51": 22.16885180799292, "64_53": 23.272962710332628, "62_25": 22.537052445153257, "62_27": 22.732111894756287, "62_29": 22.877489077131496, "62_31": 25.219883722638187, "62_33": 24.91234061350493, "62_35": 21.435079296788913, "62_37": 22.809452290878866, "62_39": 22.606138290119258, "62_41": 22.73332849991128, "62_43": 22.233343263568994, "62_45": 22.99374046117778, "62_47": 22.728005910703054, "62_49": 22.99374219752861, "62_51": 22.7923799801192, "62_53": 22.50624077099512, "60_25": 21.43566837645039, "60_27": 21.02295094030664, "60_29": 21.60283827026707, "60_31": 23.15460450316213, "60_33": 23.21676962132649, "60_35": 22.434442841618115, "60_37": 22.81704341291318, "60_39": 22.48169446739553, "60_41": 21.423535134885004, "60_43": 21.38433446825558, "60_45": 22.366833883681725, "60_47": 21.930487073786484, "60_49": 22.877489077131496, "60_51": 21.245554005558084, "60_53": 22.269148845924363, "58_25": 19.91299819916634, "58_27": 21.16601521195521, "58_29": 20.87313098922628, "58_31": 21.32786490110341, "58_33": 21.498058502825145, "58_35": 22.23779717445925, "58_37": 22.81704341291318, "58_39": 22.667880329150147, "58_41": 22.116773465808006, "58_43": 21.888000732057524, "58_45": 21.075921856946213, "58_47": 21.098474746094258, "58_49": 20.970435189961755, "58_51": 22.149591972062037, "58_53": 22.607809933469767, "56_25": 18.968891989686863, "56_27": 19.16006434819324, "56_29": 20.083414231185976, "56_31": 20.213965918247034, "56_33": 20.4913986602543, "56_35": 20.93798475591984, "56_37": 20.95396911430448, "56_39": 21.278511390229195, "56_41": 21.664672892006575, "56_43": 22.30803419297172, "56_45": 21.660822179448544, "56_47": 20.933154625314618, "56_49": 20.212215479697093, "56_51": 20.654831663373347, "56_53": 21.733099907350727, "54_25": 17.00549900550801, "54_27": 17.88381736146088, "54_29": 19.06331369991817, "54_31": 21.031073946830745, "54_33": 20.630842510956985, "54_35": 20.519340885019734, "54_37": 20.722920143994333, "54_39": 20.231036840416095, "54_41": 20.855489813913668, "54_43": 21.15906969319916, "54_45": 22.104769978876874, "54_47": 20.55831127914185, "54_49": 21.423535134885004, "54_51": 19.477792374905405, "54_53": 19.989687699662714, "52_25": 16.120768671001574, "52_27": 15.814332402827688, "52_29": 17.436070493794514, "52_31": 20.50238669918829, "52_33": 20.36656512235915, "52_35": 20.90752940366418, "52_37": 21.639093889117742, "52_39": 20.64923438388453, "52_41": 20.37282089698135, "52_43": 20.390882113827253, "52_45": 20.10782108092983, "52_47": 20.569317539846306, "52_49": 21.071199072358304, "52_51": 19.909069973377814, "52_53": 19.029273491298934, "50_25": 17.337260436593258, "50_27": 16.433865227395586, "50_29": 16.581618565339486, "50_31": 18.121121816654647, "50_33": 20.278365404827007, "50_35": 20.121401827278547, "50_37": 22.55877294679425, "50_39": 22.417108864524586, "50_41": 20.726946371567298, "50_43": 20.7703171447304, "50_45": 20.995304778593198, "50_47": 21.107041674757983, "50_49": 21.653580236809912, "50_51": 22.144021861510847, "50_53": 17.635670522729317}