{"42_-91": 26.606276937757364, "42_-89": 26.071492953652086, "42_-87": 26.747892971637103, "42_-85": 25.74012739856894, "42_-83": 26.702765455285494, "42_-81": 25.252232315355368, "42_-79": 23.157333399111423, "42_-77": 20.877332144024148, "42_-75": 20.27801983835829, "41_-91": 26.569300917164426, "41_-89": 26.29228899120898, "41_-87": 25.80486993527349, "41_-85": 25.400439106660336, "41_-83": 25.904395224969537, "41_-81": 25.09670817386934, "41_-79": 23.16701782274416, "41_-77": 24.11060994191507, "41_-75": 21.46079599086795, "40_-91": 25.085468537505918, "40_-89": 25.665490068482466, "40_-87": 25.63306807206466, "40_-85": 25.260527932395547, "40_-83": 25.981633014641577, "40_-81": 24.603439031141413, "40_-79": 22.18188393455218, "40_-77": 23.574085380656275, "40_-75": 23.042614740870935, "39_-91": 25.02884311461917, "39_-89": 25.10764565613944, "39_-87": 26.153796366044954, "39_-85": 26.114584282330792, "39_-83": 26.14467058488463, "39_-81": 24.556832237135545, "39_-79": 23.77042042001934, "39_-77": 24.358370123406605, "39_-75": 23.843215744861187, "38_-91": 23.698247518962578, "38_-89": 25.61737487962404, "38_-87": 25.679961670439, "38_-85": 26.446395514108197, "38_-83": 25.477797890857794, "38_-81": 24.968122480716538, "38_-79": 23.641680681342535, "38_-77": 24.446139343188545, "38_-75": 23.48927610044232}