{"2_-70": 26.08753193971233, "2_-68": 26.332607141340542, "2_-66": 26.42162246787133, "2_-64": 23.659629827030514, "2_-62": 25.76930766059997, "2_-60": 24.791526433150093, "2_-58": 26.322279050133847, "2_-56": 24.075860463234633, "0_-70": 26.31235814364557, "0_-68": 26.66229583432988, "0_-66": 26.934527709212993, "0_-64": 27.23141064312126, "0_-62": 27.21115609552107, "0_-60": 27.935933529365013, "0_-58": 23.21792506272243, "0_-56": 24.968122480716538, "-2_-70": 26.801655990575636, "-2_-68": 26.2467774212092, "-2_-66": 26.674964762878474, "-2_-64": 26.55269857878199, "-2_-62": 25.90972171855818, "-2_-60": 24.94949546898402, "-2_-58": 24.737923078407253, "-2_-56": 27.1980410485263, "-4_-70": 26.71107175372879, "-4_-68": 26.224472104425796, "-4_-66": 26.06143386714842, "-4_-64": 25.750858481880705, "-4_-62": 25.927245226360405, "-4_-60": 25.494421364070387, "-4_-58": 26.2533548099931, "-4_-56": 26.39703283709099, "-6_-70": 26.16090174925879, "-6_-68": 25.51186198714714, "-6_-66": 26.294206240987112, "-6_-64": 26.3757181328664, "-6_-62": 26.594730389063674, "-6_-60": 25.991212241655532, "-6_-58": 25.755267639889162, "-6_-56": 25.608330180034816, "-8_-70": 25.660018487545152, "-8_-68": 26.272143724242145, "-8_-66": 25.194453539780408, "-8_-64": 26.4271793569, "-8_-62": 27.179283480756933, "-8_-60": 27.92413708821962, "-8_-58": 25.841658737720113, "-8_-56": 25.422255843155042}