{"55_-5": 13.44964648739126, "55_-4": 16.013615473999646, "55_-3": 16.562371452889053, "55_-2": 17.73271442324256, "55_-1": 15.843158329954253, "55_0": 15.620389470559708, "55_1": 14.796914814675105, "55_2": 15.09099231326043, "55_3": 15.108312845998451, "55_4": 15.71907350447951, "54_-5": 13.311732438731621, "54_-4": 14.012707370336898, "54_-3": 15.054266158377182, "54_-2": 15.960144429453436, "54_-1": 19.703733538230626, "54_0": 19.418121504940313, "54_1": 14.274849224194309, "54_2": 14.550174324762558, "54_3": 15.501369913172507, "54_4": 16.283115133231288, "53_-5": 13.422390043106596, "53_-4": 14.66869724374682, "53_-3": 18.653469037353762, "53_-2": 19.679754341249197, "53_-1": 20.8298314555881, "53_0": 21.032220925586504, "53_1": 18.438732652826587, "53_2": 15.777172532324155, "53_3": 15.973223868167455, "53_4": 16.36532633530799, "52_-5": 16.089191647403556, "52_-4": 18.120993943656433, "52_-3": 19.95556141522416, "52_-2": 21.33675412078095, "52_-1": 21.238674710249395, "52_0": 21.503815628491143, "52_1": 20.59030417663124, "52_2": 15.679146838663975, "52_3": 15.796162536093245, "52_4": 20.476395771925173, "51_-5": 15.043109653499915, "51_-4": 17.758121513098285, "51_-3": 21.347523554601786, "51_-2": 20.400372961923598, "51_-1": 20.205300554591442, "51_0": 20.504753558452418, "51_1": 19.766965206599263, "51_2": 21.084034046380165, "51_3": 21.730834825013016, "51_4": 20.680208187619158, "50_-5": 18.851806168999403, "50_-4": 17.663521278034253, "50_-3": 16.233258824275772, "50_-2": 15.891042087700324, "50_-1": 15.869338603597594, "50_0": 15.737947380317319, "50_1": 21.354435813830854, "50_2": 21.099603387938966, "50_3": 20.172658888992306, "50_4": 19.653769918418995, "49_-5": 16.561377467377, "49_-4": 15.814973798273567, "49_-3": 18.67041686586104, "49_-2": 17.44191986930882, "49_-1": 20.494458824505237, "49_0": 21.180903302673986, "49_1": 20.65733072186876, "49_2": 20.05528542028587, "49_3": 20.309609970234938, "49_4": 18.939048054755023}