{"25_95": 23.745174235502624, "25_97": 23.29534032600699, "25_99": 15.700589915921274, "25_101": 11.39967975022116, "25_103": 12.323618388362735, "25_105": 22.034434164048232, "25_107": 22.863900451666535, "25_109": 21.880429375342292, "23_95": 22.013189302792927, "23_97": 20.521134319604066, "23_99": 17.87821119292244, "23_101": 15.832441583721671, "23_103": 12.83287221455885, "23_105": 19.302985392671125, "23_107": 23.219045682081312, "23_109": 24.594341251104996, "21_95": 23.805208056262842, "21_97": 19.00238703295066, "21_99": 19.768764016434673, "21_101": 20.172658888992306, "21_103": 20.959040113497363, "21_105": 26.287546228110426, "21_107": 24.744935379106586, "21_109": 24.26257652127417, "19_95": 25.06041053626904, "19_97": 20.583093366049734, "19_99": 22.895863709668628, "19_101": 23.29188973452392, "19_103": 20.880996004127585, "19_105": 27.599546821224312, "19_107": 24.48267917408527, "19_109": 26.220468094881376, "17_95": 25.49763198333287, "17_97": 26.75493396098222, "17_99": 25.278730175626862, "17_101": 20.530502393991295, "17_103": 25.10764565613944, "17_105": 25.525185659242396, "17_107": 26.882841004009762, "17_109": 25.153227890799634, "15_95": 26.103826881181043, "15_97": 26.274373022460857, "15_99": 21.952942894467494, "15_101": 26.021294627210587, "15_103": 24.22589638150994, "15_105": 24.365934098645702, "15_107": 22.116773465808006, "15_109": 26.992975404571204, "13_95": 25.913447454971635, "13_97": 25.658154953587527, "13_99": 23.341257035056778, "13_101": 26.37141266112794, "13_103": 25.827040391538045, "13_105": 25.789963419869643, "13_107": 25.57102118305482, "13_109": 26.39703283709099, "11_95": 25.490502619150735, "11_97": 25.627878190328378, "11_99": 24.97841923156468, "11_101": 26.937149500964072, "11_103": 27.281715686580004, "11_105": 25.78309242198029, "11_107": 27.384974275712626, "11_109": 25.349522883685868}