{"20_-15": 17.458886925094262, "20_-13": 17.61124259169211, "20_-11": 16.272504917586065, "20_-9": 17.0915229581658, "20_-7": 18.605011254926268, "20_-5": 18.797017762053088, "20_-3": 19.217681610730192, "20_-1": 19.33786995973365, "20_1": 18.015764957423862, "20_3": 15.44768184329262, "18_-15": 18.909113331906045, "18_-13": 19.834435976050152, "18_-11": 19.08431616445688, "18_-9": 19.026613610079337, "18_-7": 18.507283692077245, "18_-5": 18.16105659385039, "18_-3": 18.06268588446509, "18_-1": 18.683402871001924, "18_1": 18.488674838466917, "18_3": 16.76583721604166, "16_-15": 20.71471278497702, "16_-13": 20.71471278497702, "16_-11": 19.98120527695119, "16_-9": 19.691193300518744, "16_-7": 19.360649583405902, "16_-5": 18.97500853653879, "16_-3": 18.97500853653879, "16_-1": 19.140284173118097, "16_1": 19.30410073401415, "16_3": 17.705907060852844, "14_-15": 20.903144438642233, "14_-13": 21.35280038179899, "14_-11": 21.38098899337307, "14_-9": 20.935373069493135, "14_-7": 19.689721362255955, "14_-5": 19.96664248145801, "14_-3": 19.528650351772264, "14_-1": 19.099121268350267, "14_1": 18.45480941491873, "14_3": 16.22958540662019, "12_-15": 24.438893529487476, "12_-13": 23.37103058786267, "12_-11": 22.62524802759561, "12_-9": 23.128896968306545, "12_-7": 24.069247605974102, "12_-5": 23.771011587489976, "12_-3": 24.04034934208105, "12_-1": 24.18373751122703, "12_1": 24.209580502872075, "12_3": 21.29698948719822, "20_-14": 17.554811393415477, "20_-12": 16.14397039630545, "20_-10": 16.695571303907826, "20_-8": 17.259652328342835, "20_-6": 18.68509710831204, "20_-4": 19.277775857543045, "20_-2": 19.297291745052366, "20_0": 19.31213016968518, "20_2": 16.165089337403487, "20_4": 15.87731022750469, "19_-15": 18.09351454878517, "19_-14": 18.683402871001924, "19_-13": 18.622691435471832, "19_-12": 18.119115525362233, "19_-11": 17.526291252060993, "19_-10": 17.46858426935799, "19_-9": 18.107085913781706, "19_-8": 18.283863938838156, "19_-7": 18.218761518837482, "19_-6": 18.33417087551433, "19_-5": 18.873113649509616, "19_-4": 18.93203776700262, "19_-3": 18.99541940755939, "19_-2": 19.15758721845306, "19_-1": 19.33786995973365, "19_0": 18.519565711405583, "19_1": 18.29022525595668, "19_2": 17.04668388895237, "19_3": 16.243549164696546, "19_4": 16.295778889718434, "18_-14": 19.776735313304304, "18_-12": 19.315124884192898, "18_-10": 19.026613610079337, "18_-8": 18.683402871001924, "18_-6": 18.507283692077245, "18_-4": 18.218761518837482, "18_-2": 18.570546696460077, "18_0": 18.739830720843454, "18_2": 18.006256074746698, "18_4": 16.297800389431384, "17_-15": 20.23833674781979, "17_-14": 20.81532650103714, "17_-13": 20.405093664544193, "17_-12": 19.71903451005035, "17_-11": 19.811931060307, "17_-10": 19.134821324576016, "17_-9": 19.4169529320309, "17_-8": 19.30410073401415, "17_-7": 18.683402871001924, "17_-6": 18.873113649509616, "17_-5": 18.965540559189655, "17_-4": 18.7962584136543, "17_-3": 18.864824013587334, "17_-2": 18.965540559189655, "17_-1": 19.247674413391806, "17_0": 19.247674413391806, "17_1": 19.247674413391806, "17_2": 18.40111573140237, "17_3": 16.92251974697898, "17_4": 16.85525763168713, "16_-14": 20.827558128365183, "16_-12": 20.35373574857165, "16_-10": 19.746283417728975, "16_-8": 19.581012638871137, "16_-6": 19.30555845374918, "16_-4": 19.25046717606252, "16_-2": 19.03010056754159, "16_0": 19.52592209278187, "16_2": 18.13264485222365, "16_4": 16.75390355067055, "15_-15": 20.658289921119284, "15_-14": 20.792969688836745, "15_-13": 21.053247297604795, "15_-12": 20.99682519324107, "15_-11": 20.352265555267685, "15_-10": 19.801373393620874, "15_-9": 19.20650442571193, "15_-8": 19.31388698747255, "15_-7": 19.474959728474374, "15_-6": 19.41574056589456, "15_-5": 19.36757804716983, "15_-4": 19.636103041173723, "15_-3": 19.20650442571193, "15_-2": 19.099121268350267, "15_-1": 19.20650442571193, "15_0": 19.41574056589456, "15_1": 18.77696815179094, "15_2": 17.96702722028371, "15_3": 17.108639487355518, "15_4": 16.071361035327797, "14_-14": 23.0074863226129, "14_-12": 21.681435439490667, "14_-10": 22.05200254931704, "14_-8": 19.277775857543045, "14_-6": 19.63603116783711, "14_-4": 19.25046717606252, "14_-2": 18.938045400145104, "14_0": 19.099121268350267, "14_2": 17.601457778440597, "14_4": 15.929448853249088, "13_-15": 22.72559128815932, "13_-14": 24.2910239425131, "13_-13": 23.303311200828144, "13_-12": 22.16238413718631, "13_-11": 21.719026905659934, "13_-10": 22.09043386505119, "13_-9": 21.592352422273127, "13_-8": 21.764040303813733, "13_-7": 22.002609788121216, "13_-6": 22.195046553337164, "13_-5": 21.592072124820433, "13_-4": 20.758614416628344, "13_-3": 20.065237237941925, "13_-2": 19.195375749477304, "13_-1": 18.991737508356525, "13_0": 18.991737508356525, "13_1": 18.593698517319268, "13_2": 17.41269157338564, "13_3": 16.96517137490382, "13_4": 16.867095775354894, "12_-14": 24.55246380699228, "12_-12": 23.180117454610226, "12_-10": 23.00786421478346, "12_-8": 23.5345711550081, "12_-6": 23.77256001574417, "12_-4": 23.53188186579796, "12_-2": 23.845145010133585, "12_0": 24.327111201603014, "12_2": 23.15041865531559, "12_4": 22.936586871895788, "11_-15": 24.42952815550077, "11_-14": 24.320716482829397, "11_-13": 23.042614740870935, "11_-12": 22.440114112754404, "11_-11": 23.312090399939798, "11_-10": 24.54168859080818, "11_-9": 24.18274581008112, "11_-8": 24.130669537531826, "11_-7": 24.579757491023532, "11_-6": 24.579757491023532, "11_-5": 23.953405790091125, "11_-4": 24.490845621974866, "11_-3": 24.721176076112787, "11_-2": 24.758047188027444, "11_-1": 25.33815880993238, "11_0": 24.875665004300878, "11_1": 25.957431476183682, "11_2": 23.358297560005727, "11_3": 24.600616266144645, "11_4": 24.788172871879294, "10_-15": 23.541072808873597, "10_-14": 23.910999232857066, "10_-13": 22.65876084206496, "10_-12": 24.468712055512785, "10_-11": 23.845145010133585, "10_-10": 24.286969501905915, "10_-9": 24.629197203139363, "10_-8": 24.86992455051604, "10_-7": 25.525655752271668, "10_-6": 25.667108959044768, "10_-5": 25.592938086911413, "10_-4": 28.125587222478355, "10_-3": 25.503939561072347, "10_-2": 25.44779757137243, "10_-1": 25.865324142759405, "10_0": 25.666091661979173, "10_1": 26.14010029059681, "10_2": 24.316754249848, "10_3": 24.55626636136959, "10_4": 27.830276544200554, "22_-17": 17.256962595437685, "22_-16": 16.388200483384693, "22_-15": 15.925092203161633, "22_-14": 16.17169966075606, "22_-13": 15.92260385978927, "22_-12": 15.50141978075424, "22_-11": 15.50141978075424, "22_-10": 15.455220988702479, "22_-9": 15.46672146434745, "22_-8": 14.91062543598461, "22_-7": 15.999784518357757, "22_-6": 16.649885135137364, "22_-5": 16.038417212698626, "22_-4": 17.04668388895237, "22_-3": 17.04668388895237, "22_-2": 16.934056184751533, "22_-1": 16.595452780947028, "22_0": 16.27529149412663, "22_1": 15.769904476795038, "22_2": 15.944682484016273, "22_3": 15.944682484016273, "22_4": 15.07174488379594, "22_5": 13.631763884240417, "22_6": 13.746012754173456, "22_7": 13.531999287386157, "22_8": 13.712867021861168, "22_9": 13.684006039543718, "21_-17": 18.924396082536187, "21_-16": 17.460661698517047, "21_-15": 17.460661698517047, "21_-14": 17.174384745371096, "21_-13": 15.852143885902727, "21_-12": 16.152661409086548, "21_-11": 15.69095851740143, "21_-10": 15.44871890530425, "21_-9": 15.560275581542161, "21_-8": 16.79169909876432, "21_-7": 16.331344995169065, "21_-6": 17.59853772953572, "21_-5": 17.970240164886775, "21_-4": 19.48648066807592, "21_-3": 19.813053357700475, "21_-2": 19.174853981536824, "21_-1": 18.25615328539745, "21_0": 17.04692244292968, "21_1": 16.66099256159489, "21_2": 16.10998794364131, "21_3": 15.608794180380912, "21_4": 15.11812517357388, "21_5": 14.728790119450036, "21_6": 14.574584020693614, "21_7": 14.574584020693614, "21_8": 13.966321566503296, "21_9": 13.475035631763244, "20_-17": 17.88546063194833, "20_-16": 17.65517753202754, "20_5": 15.303376930547405, "20_6": 14.72664365092578, "20_7": 14.905410127529478,