{"35_65": 4.106169914460596, "35_67": 2.07238807830388, "35_69": 8.316707569300707, "35_71": 9.492591480471914, "35_73": 10.19568414757006, "35_75": -4.111400369030534, "35_77": -8.597486219589689, "35_79": -5.984762015810963, "35_81": -2.400054287855144, "35_83": -1.6951178260225959, "33_65": 12.255930194793926, "33_67": 7.245530469321112, "33_69": 9.441098149680425, "33_71": 19.377171136788878, "33_73": 21.231103332771607, "33_75": 15.006147105686377, "33_77": -9.069995130147895, "33_79": -4.248770608146772, "33_81": -0.7299735813394617, "33_83": 1.9474515334672517, "31_65": 15.275575682780993, "31_67": 9.973088032065476, "31_69": 12.600976409347375, "31_71": 21.576494029181916, "31_73": 20.832295942878826, "31_75": 20.960358959211817, "31_77": 18.822866760417206, "31_79": -0.9936159935622841, "31_81": -0.4235816323334909, "31_83": -4.847635429395154, "29_65": 17.103355288179696, "29_67": 10.88845960436538, "29_69": 16.65254868988874, "29_71": 21.405184610802433, "29_73": 20.131910326230592, "29_75": 22.29401629502262, "29_77": 22.853384902230253, "29_79": 22.20826950899188, "29_81": 20.053376662950477, "29_83": -4.670725406992901, "27_65": 16.487537321641256, "27_67": 17.864169777766936, "27_69": 19.324786375036776, "27_71": 23.059628035349114, "27_73": 24.067498301678892, "27_75": 24.107238389323864, "27_77": 23.542162446801086, "27_79": 23.66639652189267, "27_81": 23.155213763829888, "27_83": 26.516691542173962, "25_65": 28.225613215459934, "25_67": 27.11340094076785, "25_69": 27.35741541622775, "25_71": 26.77403676084227, "25_73": 25.060856300012183, "25_75": 23.410210545234424, "25_77": 24.106960332058314, "25_79": 23.81657251167309, "25_81": 22.52997148063047, "25_83": 22.17442850157252, "23_65": 27.83421547166883, "23_67": 27.882543488660335, "23_69": 27.4736175702167, "23_71": 26.513354266655128, "23_73": 26.01444083547862, "23_75": 23.963064549743816, "23_77": 24.0832957506234, "23_79": 24.874066453661793, "23_81": 21.36975619752342, "23_83": 20.15434052795369, "21_65": 27.19841835869489, "21_67": 27.147729269323186, "21_69": 27.052447731831304, "21_71": 25.918357411420182, "21_73": 26.407488989937267, "21_75": 24.477178191157332, "21_77": 24.95150599887286, "21_79": 24.66261951338156, "21_81": 22.991141112270583, "21_83": 22.113215580561196, "36_60": 12.95079479686622, "36_62": 14.74376149485969, "36_64": 12.881074172764706, "36_66": 11.233973143715373, "36_68": 8.357194715988815, "36_70": -0.08066750607949125, "36_72": 7.144440591972572, "36_74": -0.9416649060959541, "36_76": -9.818295810719878, "36_78": -2.196773113965327, "36_80": 6.856757344021876, "36_82": -0.7681355423602598, "36_84": -2.624511784328424, "36_86": -1.1907057492804096, "36_88": -1.0039329150954899, "34_60": 15.632653286461476, "34_62": 13.741847022884794, "34_64": 7.389406869200901, "34_66": 6.292168159456587, "34_68": 6.533433195304049, "34_70": 5.522868856903427, "34_72": 21.5009264310501, "34_74": 11.939597495197567, "34_76": -9.752197908719282, "34_78": -7.1872205977448, "34_80": -4.871071888840425, "34_82": -6.300270206863612, "34_84": -2.95351603573958, "34_86": 0.5394476706466556, "34_88": -0.10230972540249716, "32_60": 14.939885328573535, "32_62": 17.460661698517047, "32_64": 15.12808491332681, "32_66": 13.507916838321098, "32_68": 9.821385949081801, "32_70": 17.203430023681918, "32_72": 20.64407100372315, "32_74": 21.03140644285077, "32_76": 23.52080450237167, "32_78": -6.41648993654389, "32_80": -5.107577621314031, "32_82": 0.9464345533589436, "32_84": 2.072726099549885, "32_86": 0.46802939430309287, "32_88": 2.835752715848158, "30_60": 14.718100556182502, "30_62": 18.196056445629253, "30_64": 16.28028758466861, "30_66": 15.679573410285023, "30_68": 15.982397371603803, "30_70": 13.669648894036406, "30_72": 21.467480563643353, "30_74": 20.405093664544193, "30_76": 21.641805063314763, "30_78": 21.13923018380711, "30_80": 14.355650446571357, "30_82": 4.389935648818488, "30_84": 0.8327451529557575, "30_86": -0.43821023675347703, "30_88": 0.61281118580112, "28_60": 13.999232949381181, "28_62": 15.985625634135129, "28_64": 18.20370357691358, "28_66": 12.447245049638816, "28_68": 20.69992958879624, "28_70": 19.01146663808025, "28_72": 19.35214775443746, "28_74": 22.58439748129792, "28_76": 23.588284853672064, "28_78": 23.75141807695089, "28_80": 24.130669537531826, "28_82": 23.266652473801866, "28_84": 20.127819886787623, "28_86": 8.526281993573647, "28_88": -4.514734788861262, "26_60": 21.378651759615767, "26_62": 21.399017261916352, "26_64": 22.589892655146087, "26_66": 24.721176076112787, "26_68": 25.04876783551071, "26_70": 25.827040391538045, "26_72": 25.98951304105613, "26_74": 24.63657307038266, "26_76": 23.320041530605156, "26_78": 23.882853603834967, "26_80": 23.797012148603947, "26_82": 22.85907785577315, "26_84": 25.42453961132389, "26_86": 27.20660686910063, "26_88": 26.57977515700514, "24_60": 29.96186974963039, "24_62": 28.912477551549546, "24_64": 28.32433478129973, "24_66": 28.225613215459934, "24_68": 27.4917656944658, "24_70": 26.7770654787584, "24_72": 26.101813946963546, "24_74": 25.100182545526142, "24_76": 23.347437478840398, "24_78": 24.504909662250668, "24_80": 22.97060269761093, "24_82": 21.21829605581114, "24_84": 21.465642360040537, "24_86": 23.876628426757435, "24_88": 29.447153941043847, "22_60": 27.246071892969084, "22_62": 27.39123117271816, "22_64": 27.536126683309522, "22_66": 27.442599418956807, "22_68": 27.536126683309522, "22_70": 26.417703025522528, "22_72": 26.001854260336284, "22_74": 24.709439701937313, "22_76": 24.514154084763003, "22_78": 24.8747294165726, "22_80": 23.77256001574417, "22_82": 22.225720452805948, "22_84": 22.808317521152755, "22_86": 25.67273763225775, "22_88": 29.524290266470526, "20_60": 27.296200816719065, "20_62": 27.147729269323186, "20_64": 26.905070907621965, "20_66": 26.856610645100623, "20_68": 26.799033027336367, "20_70": 26.799033027336367, "20_72": 26.947990438919884, "20_74": 23.262407267736656, "20_76": 22.474426593420308, "20_78": 24.107238389323864, "20_80": 24.514276939547507, "20_82": 20.793840922278076, "20_84": 23.375980545696063, "20_86": 29.21086934815691, "20_88": 28.865167220716398, "18_60": 27.280370666079392, "18_62": 27.08783565472453, "18_64": 26.65840570027755, "18_66": 26.56187742503016, "18_68": 26.5224289839496, "18_70": 26.57977515700514, "18_72": 26.199016569361117, "18_74": 22.184483467484412, "18_76": 22.78339105465381, "18_78": 23.759898644718774, "18_80": 23.407232368604244, "18_82": 26.211018171171627, "18_84": 29.046554377748368, "18_86": 29.056282907587704, "18_88": 28.61960526173718, "16_60": 27.08783565472453, "16_62": 26.97857676470677, "16_64": 26.73154292952204, "16_66": 26.827007456100432, "16_68": 26.274751348603846, "16_70": 26.349684663583233, "16_72": 26.44514925410072, "16_74": 25.007029231441816, "16_76": 22.574041010226317, "16_78": 24.071508345320684, "16_80": 24.862309731432106, "16_82": 28.66515390219087, "16_84": 28.81445378665345, "16_86": 28.766904900866972, "16_88": 28.37385550339854, "14_60": 26.799033027336367, "14_62": 26.674964762878474, "14_64": 26.73154292952204, "14_66": 26.827007456100432, "14_68": 26.484585534762846, "14_70": 26.55367113670954, "14_72": 26.2214273713029, "14_74": 26.515850277256984, "14_76": 23.600463144785788, "14_78": 23.987255397573644, "14_80": 26.45114657199457, "14_82": 28.567371620102822, "14_84": 28.472117870535786, "14_86": 27.930288735340536, "14_88": 27.832750897886232, "12_60": 26.55367113670954, "12_62": 26.294206240987112, "12_64": 26.465349135200743, "12_66": 26.515850277256984, "12_68": 26.16965711589468, "12_70": 26.404161967412954, "12_72": 26.662531493235758, "12_74": 26.56549189647821, "12_76": 23.724079156811616, "12_78": 25.48640296305144, "12_80": 28.612997019325217, "12_82": 27.637675184310968, "12_84": 27.785112915824595, "12_86": 27.38692009725187, "12_88": 27.442599418956807, "36_55": 15.436680811189664, "36_57": 14.10903540433635, "36_59": 12.599917861161995, "36_61": 14.311625377277739,