{"52_-5": 16.879600313687693, "52_-3": 21.889367024020075, "52_-1": 22.542874088431336, "52_1": 22.862768091132104, "52_3": 20.23264205642515, "52_5": 20.990994100150367, "52_7": 20.560876847782374, "52_9": 21.0365776094394, "52_11": 20.397254465284867, "52_13": 18.54545553515616, "50_-5": 19.863739784410804, "50_-3": 19.675642556614296, "50_-1": 19.63952302566705, "50_1": 22.274835653597073, "50_3": 21.339209281482752, "50_5": 19.378281312462835, "50_7": 19.354272776146075, "50_9": 22.21320299884798, "50_11": 19.800296298891443, "50_13": 17.658533700722096, "48_-5": 18.423836016328828, "48_-3": 24.12529134209524, "48_-1": 23.48854089623887, "48_1": 21.511022193638546, "48_3": 20.254817417679508, "48_5": 19.155280816090308, "48_7": 18.464487156184475, "48_9": 19.535824870372124, "48_11": 20.09188003779473, "48_13": 22.534731517294983, "46_-5": 20.897884313291357, "46_-3": 22.976078320636418, "46_-1": 24.172895714219436, "46_1": 21.712906783170535, "46_3": 18.802346045484434, "46_5": 23.58641997876443, "46_7": 7.194519285011806, "46_9": 24.413689877434212, "46_11": 19.983168048886423, "46_13": 23.41516522110087, "44_-5": 22.940025351956802, "44_-3": 24.07240610461051, "44_-1": 23.042653417134655, "44_1": 21.94648633368325, "44_3": 20.169137069766016, "44_5": 21.733099907350727, "44_7": 20.9379185278721, "44_9": 25.68691515559942, "44_11": 18.067223529006828, "44_13": 24.274195759358214, "42_-5": 18.281826718417687, "42_-3": 17.310347210546492, "42_-1": 18.035250395070136, "42_1": 16.65392246816077, "42_3": 22.76975779618848, "42_5": 25.064064660930928, "42_7": 24.681142945906437, "42_9": 17.807129489342195, "42_11": 25.209620976963805, "42_13": 21.14582525433423, "53_-5": 15.765520222114478, "53_-3": 21.33072035651059, "53_-1": 23.14307099273591, "53_1": 20.460908164772423, "53_3": 18.645614581026432, "53_5": 20.083535866601277, "53_7": 22.737531072008117, "53_9": 21.080932056861357, "53_11": 18.546009401127623, "53_13": 17.638082557356924, "51_-5": 17.39682164330159, "51_-3": 23.30247372238619, "51_-1": 21.42480271125793, "51_1": 20.874147448256295, "51_3": 22.06866063550809, "51_5": 22.281724541027522, "51_7": 20.1746523481679, "51_9": 20.073890371858237, "51_11": 20.38817026027168, "51_13": 19.333071166374264, "49_-5": 18.54755325073194, "49_-3": 20.40941554472251, "49_-1": 23.60137291383699, "49_1": 21.06700103562297, "49_3": 20.254817417679508, "49_5": 19.21412576965819, "49_7": 20.257136437086725, "49_9": 21.598384412325807, "49_11": 20.191236798401516, "49_13": 20.123999947770468, "47_-5": 19.880991288541594, "47_-3": 22.11871135920197, "47_-1": 24.03539380622744, "47_1": 22.48169446739553, "47_3": 21.36123835601325, "47_5": 20.798900132312422, "47_7": 24.971209548703506, "47_9": 9.342444778052876, "47_11": 15.198844041109222, "47_13": 9.653422872313874, "45_-5": 22.117232718076554, "45_-3": 23.619176260256992, "45_-1": 24.734528729937328, "45_1": 24.239229237268518, "45_3": 19.7174960190814, "45_5": 24.375129818858692, "45_7": 10.741046060312721, "45_9": 21.062459180745165, "45_11": 23.90002391377142, "45_13": 25.681432076728765, "43_-5": 20.88407436391096, "43_-3": 25.366718456953205, "43_-1": 16.610518866807226, "43_1": 18.89528273008571, "43_3": 23.054390848921077, "43_5": 25.242766463012273, "43_7": 25.311226016038464, "43_9": 25.73868501656289, "43_11": 21.788223421412365, "43_13": 17.310347210546492, "41_-5": 17.656476871774526, "41_-3": 18.52880513371014, "41_-1": 16.576027935210703, "41_1": 24.199803244748658, "41_3": 25.542538708809456, "41_5": 24.77741083873557, "41_7": 24.537594737773468, "41_9": 22.004614464111288, "41_11": 25.498055404356524, "41_13": 25.596593863989686}