{"34_104": 22.3279769272675, "34_106": 22.521748610173628, "34_108": 20.433135061871806, "34_110": 23.03525391159985, "34_112": 23.330174468473825, "34_114": 24.664117848418428, "34_116": 25.531174700052038, "34_118": 25.490502619150735, "34_120": 25.97765001300987, "32_104": 22.96255756917385, "32_106": 23.921295411010085, "32_108": 24.2923047283539, "32_110": 24.295805930021768, "32_112": 29.071607954832178, "32_114": 27.767686585264233, "32_116": 27.758563776967225, "32_118": 28.27954299274383, "32_120": 28.520463469128888, "30_104": 27.05312492040645, "30_106": 27.274238345157908, "30_108": 23.10457999911715, "30_110": 25.477797890857794, "30_112": 27.884982423124864, "30_114": 29.467701244407362, "30_116": 29.1498889168443, "30_118": 26.743717147578124, "30_120": 28.40642691985578, "28_104": 29.179927897396954, "28_106": 24.149634569605794, "28_108": 25.194453539780408, "28_110": 27.35102807975809, "28_112": 26.30269392459513, "28_114": 26.405203523003323, "28_116": 25.993313052661605, "28_118": 20.332463537191167, "28_120": 26.405011290073116, "34_102": 15.022072273568728, "34_122": 25.566161914967317, "32_102": 17.214323282386218, "32_122": 28.023097963571008, "30_102": 8.815044862585125, "30_122": 28.087816140757784, "28_102": 18.231271996632863, "28_122": 27.393983261965044}