{"32_47": 23.11530948735389, "32_48": 23.720633204159675, "32_49": 20.763496615551006, "32_50": 17.893892095920435, "32_51": 11.824635820020372, "31_47": 22.610792101023375, "31_48": 26.706937746862298, "31_49": 26.600302903973944, "31_50": 20.37282089698135, "31_51": 14.164644331811353, "30_47": 22.125244446136602, "30_48": 26.4271793569, "30_49": 30.23358371066963, "30_50": 25.602573692187896, "30_51": 18.479173246189998, "29_47": 21.28875214480915, "29_48": 26.07355473258105, "29_49": 31.461091318152516, "29_50": 31.122895365110903, "29_51": 29.211020657227284, "33_46": 21.509096733289983, "33_47": 20.11048943477818, "33_48": 18.93203776700262, "33_49": 18.196056445629253, "33_50": 11.659456680566446, "33_51": 14.5829542853178, "33_52": 14.614065304279094, "33_53": 15.240706668341971, "33_54": 17.06973666422104, "33_55": 16.052476303476777, "33_56": 17.174384745371096, "32_46": 21.837221310272906, "32_52": 13.61701839137984, "32_53": 16.52494641390837, "32_54": 16.738870737667998, "32_55": 17.09507731489452, "32_56": 15.050255063922332, "31_46": 21.676165615548665, "31_52": 12.090032035569092, "31_53": 14.521721469930686, "31_54": 14.394357286161789, "31_55": 14.589912199159354, "31_56": 15.391004723515142, "30_46": 21.39230355729586, "30_52": 16.044558432150424, "30_53": 15.160145728965688, "30_54": 12.125239158577745, "30_55": 13.98177802063644, "30_56": 10.963786432649439, "29_46": 21.504619719821754, "29_52": 20.94078635577994, "29_53": 15.391004723515142, "29_54": 14.063513153410007, "29_55": 14.467546118394111, "29_56": 13.575069320499423, "28_46": 20.848057126851636, "28_47": 21.01331868633362, "28_48": 24.252437558628426, "28_49": 30.9985829027806, "28_50": 31.548683000650858, "28_51": 30.793403378637624, "28_52": 21.613562486877704, "28_53": 19.862448298422777, "28_54": 16.14582079239942, "28_55": 18.57766971099225, "28_56": 19.290535519768888, "27_46": 20.076821181448228, "27_47": 20.22661566561064, "27_48": 24.147741154391706, "27_49": 27.361759537644904, "27_50": 32.57643540208251, "27_51": 31.381512032520813, "27_52": 30.520789402123523, "27_53": 30.08136440977903, "27_54": 26.273613739077195, "27_55": 28.673942784692432, "27_56": 28.81246051615096, "26_46": 18.991737508356525, "26_47": 19.801373393620874, "26_48": 20.584532163163313, "26_49": 22.06976263708326, "26_50": 30.08136440977903, "26_51": 30.622265050831256, "26_52": 30.807994967848405, "26_53": 30.51952518881046, "26_54": 30.214034095033245, "26_55": 30.20179251298018, "26_56": 28.904676928608158, "25_46": 19.15758721845306, "25_47": 19.725819482519626, "25_48": 20.994292369853163, "25_49": 21.524560567197405, "25_50": 22.97060269761093, "25_51": 27.94810366468381, "25_52": 31.244047455707, "25_53": 30.672914013183483, "25_54": 30.744184712030037, "25_55": 27.26905115143823, "25_56": 23.86318605317778, "34_44": 22.004865204545467, "34_45": 22.39045657492242, "34_46": 18.17554499846487, "34_47": 15.275575682780993, "34_48": 16.103491024885003, "34_49": 13.748367373461484, "34_50": 15.195270050315525, "34_51": 13.476858792987485, "34_52": 16.334899626841278, "34_53": 18.57766971099225, "34_54": 18.742906993620696, "34_55": 17.41797232733308, "34_56": 17.694598041152574, "34_57": 16.174931117411116, "33_44": 22.2380838256754, "33_45": 22.17011931275486, "33_57": 16.141272055708484, "32_44": 22.084660218711047, "32_45": 21.998275986123357, "32_57": 16.81066659944057, "31_44": 21.053247297604795, "31_45": 21.354051103059287, "31_57": 13.866285802131294, "30_44": 20.131910326230592, "30_45": 20.280304349089484, "30_57": 12.619907952904299, "29_44": 19.474959728474374, "29_45": 20.076821181448228, "29_57": 13.150203116016776, "28_44": 19.41574056589456, "28_45": 20.71471278497702, "28_57": 16.953227356745128, "27_44": 19.801373393620874, "27_45": 19.924780677241905, "27_57": 26.841019800890646, "26_44": 19.52592209278187, "26_45": 19.140284173118097, "26_57": 30.911521497969172, "25_44": 18.61588949850774, "25_45": 18.589359974359002, "25_57": 30.387263224613772, "24_44": 17.87313445833301, "24_45": 18.457689882419707, "24_46": 19.81861766979054, "24_47": 20.950148448200128, "24_48": 21.320899350216006, "24_49": 22.29685401522047, "24_50": 22.480491473363383, "24_51": 25.7926344029309, "24_52": 29.211020657227284, "24_53": 29.657184574130827, "24_54": 29.012793422461296, "24_55": 24.781940845533775, "24_56": 24.579757491023532, "24_57": 27.983966093592645, "23_44": 17.971560319214536, "23_45": 19.257422927174122, "23_46": 20.657623973169578, "23_47": 20.705618219959224, "23_48": 21.990789407253953, "23_49": 22.847763520896617, "23_50": 23.09260947503032, "23_51": 23.06345300142823, "23_52": 23.39866464014981, "23_53": 24.867186683263213, "23_54": 25.149739338449134, "23_55": 25.264069935622842, "23_56": 25.22656066774835, "23_57": 25.2885857893483}