{"50_-100": 20.904556274314185, "50_-98": 22.125695268013594, "50_-96": 22.355127997367575, "50_-94": 21.691670421502614, "50_-92": 22.181200478137082, "50_-90": 22.255467118077483, "50_-88": 21.480968161258748, "50_-86": 21.385502670123607, "50_-84": 21.962626869728936, "50_-82": 21.50035377752835, "48_-100": 24.413689877434212, "48_-98": 24.689376440846118, "48_-96": 25.608330180034816, "48_-94": 25.80160929248426, "48_-92": 24.192922977035927, "48_-90": 24.631319237513463, "48_-88": 18.2574860845537, "48_-86": 17.994637558728524, "48_-84": 22.97419517667864, "48_-82": 22.610509044301217, "46_-100": 26.071492953652086, "46_-98": 26.87361532494594, "46_-96": 27.883431136387376, "46_-94": 27.11029463804898, "46_-92": 27.152561716284144, "46_-90": 26.028892032542053, "46_-88": 27.142102756537977, "46_-86": 23.85377324858928, "46_-84": 22.645479425856987, "46_-82": 24.106497030511296, "44_-100": 25.180837987298418, "44_-98": 26.5465840501039, "44_-96": 27.12946533405439, "44_-94": 28.98313103000878, "44_-92": 28.835704721284106, "44_-90": 27.455129888817684, "44_-88": 27.73696113133791, "44_-86": 27.12098384438886, "44_-84": 27.319320781727985, "44_-82": 22.512706530269526, "42_-100": 22.170184402724324, "42_-98": 23.993661447285913, "42_-96": 27.441380883480388, "42_-94": 28.742247676052425, "42_-92": 29.116075751438995, "42_-90": 29.3927276982655, "42_-88": 28.278977106590805, "42_-86": 27.790212051207316, "42_-84": 27.199909132056327, "42_-82": 25.585967356170336, "40_-100": 22.902486212187096, "40_-98": 24.789682150995677, "40_-96": 27.67747801060837, "40_-94": 28.301943464864, "40_-92": 28.66892528281655, "40_-90": 29.115864133718635, "40_-88": 28.21872911018046, "40_-86": 26.685182128820728, "40_-84": 25.620670924836315, "40_-82": 25.163645079687825, "38_-100": 21.841984323948267, "38_-98": 24.27026055497674, "38_-96": 27.395733628412952, "38_-94": 28.202357276991986, "38_-92": 27.401135214911893, "38_-90": 27.546365717597286, "38_-88": 27.672804888499495, "38_-86": 27.230190391695853, "38_-84": 23.159788494213384, "38_-82": 23.782472195122015, "36_-100": 21.62154023559627, "36_-98": 24.63657307038266, "36_-96": 26.532786353750748, "36_-94": 27.36151965350736, "36_-92": 25.21600469971457, "36_-90": 26.582701112599132, "36_-88": 27.11029463804898, "36_-86": 24.48775080345527, "36_-84": 23.05078632471867, "36_-82": 19.403984004867198, "34_-100": 22.43745172667985, "34_-98": 24.81498520904865, "34_-96": 26.504764383785847, "34_-94": 25.98338320717547, "34_-92": 26.153016762529642, "34_-90": 27.152561716284144, "34_-88": 25.35621375239922, "34_-86": 24.351558445946853, "34_-84": 22.46795730303439, "34_-82": 22.757072516833, "32_-100": 22.104769978876874, "32_-98": 24.662111608179426, "32_-96": 25.97865555950497, "32_-94": 25.8741528061589, "32_-92": 26.49882123061824, "32_-90": 25.415860156526165, "32_-88": 24.72982546084447, "32_-86": 24.611005055734346, "32_-84": 24.611005055734346, "32_-82": 24.556217749118677}