{"34_66": 12.426849024840205, "34_68": 12.31717274448134, "34_70": 12.65084087391855, "34_72": 27.799011978481285, "34_74": 18.59385918392361, "32_66": 15.448754262699708, "32_68": 16.95359812576127, "32_70": 26.47476243901183, "32_72": 29.058010269694048, "32_74": 28.56714359209904, "30_66": 15.07174488379594, "30_68": 25.796684115680158, "30_70": 20.443622870885577, "30_72": 28.703603433855616, "30_74": 28.51976711711598, "28_66": 13.905741921940447, "28_68": 28.989899584713218, "28_70": 28.240063113923032, "28_72": 28.449615705766877, "28_74": 27.58335438254795, "26_66": 28.66228797828597, "26_68": 28.438811540102524, "26_70": 28.57971362741929, "26_72": 27.68765074454696, "26_74": 26.593002226155242, "24_66": 27.58049101414333, "24_68": 27.83421547166883, "24_70": 27.75889984590439, "24_72": 27.142102756537977, "24_74": 26.31988288449506}