{"45_-95": 19.89423673792112, "45_-93": 21.566934884953877, "45_-91": 18.668522312122803, "45_-89": 20.56250006993235, "45_-87": 17.061964991847855, "45_-85": 19.032591489069283, "45_-83": 11.617907490518544, "45_-81": 17.469673424497113, "45_-79": 19.934609178032215, "45_-77": 22.52151119781625, "45_-75": 24.296071216728247, "45_-73": 24.40337144821836, "45_-71": 21.23366287064492, "43_-95": 24.63359853442938, "43_-93": 26.025027853552654, "43_-91": 25.01761356008782, "43_-89": 24.05852955656822, "43_-87": 17.883248918072205, "43_-85": 24.295219597286124, "43_-83": 23.031559148410334, "43_-81": 24.295219597286124, "43_-79": 24.8256060793619, "43_-77": 24.295219597286124, "43_-75": 25.10864350553067, "43_-73": 21.8494816898698, "43_-71": 24.92105280952087, "41_-95": 25.685449953902573, "41_-93": 25.542538708809456, "41_-91": 25.184548390253894, "41_-89": 25.466845235310675, "41_-87": 26.247742330363263, "41_-85": 25.512465025675844, "41_-83": 25.393169851708297, "41_-81": 25.56469727760448, "41_-79": 24.367721322853342, "41_-77": 25.627878190328378, "41_-75": 24.911639515154445, "41_-73": 24.942792051743833, "41_-71": 20.22475707164482, "39_-95": 24.98393360930022, "39_-93": 25.093394259770374, "39_-91": 25.629689984228534, "39_-89": 26.5224289839496, "39_-87": 26.802966744776835, "39_-85": 26.827007456100432, "39_-83": 25.318327350202967, "39_-81": 26.656987544320028, "39_-79": 24.38571126794271, "39_-77": 25.451343433101425, "39_-75": 24.223841568319838, "39_-73": 22.645479425856987, "39_-71": 23.103698880518373, "37_-95": 25.74012739856894, "37_-93": 24.75385265639836, "37_-91": 25.72076699316383, "37_-89": 26.307676345893718, "37_-87": 25.591398580638945, "37_-85": 25.81825771684835, "37_-83": 25.5733190916518, "37_-81": 21.869001042804673, "37_-79": 26.51147780466144, "37_-77": 27.538125913750395, "37_-75": 26.657927863621975, "37_-73": 27.442599418956807, "37_-71": 27.582040070071127, "35_-95": 24.645397559787234, "35_-93": 25.409353622264735, "35_-91": 26.652491658657382, "35_-89": 26.405815665506864, "35_-87": 26.116954357413004, "35_-85": 26.389395896105565, "35_-83": 23.987453628286733, "35_-81": 25.99438535993615, "35_-79": 25.16322661796465, "35_-77": 28.820648677597735, "35_-75": 28.07569447258739, "35_-73": 26.61172334034788, "35_-71": 25.15494173290528, "33_-95": 25.151929078541375, "33_-93": 25.113951524126858, "33_-91": 26.593163012647413, "33_-89": 25.810445433876172, "33_-87": 26.31769501806543, "33_-85": 26.142785231192132, "33_-83": 26.367524143205134, "33_-81": 26.577254408806727, "33_-79": 26.934527709212993, "33_-77": 27.148047919560398, "33_-75": 26.748141360712296, "33_-73": 24.341722988330016, "33_-71": 24.103535256806623, "31_-95": 24.87367871586583, "31_-93": 25.00578770036881, "31_-91": 24.744935379106586, "31_-89": 25.34621261674106, "31_-87": 25.273307926923735, "31_-85": 25.78309242198029, "31_-83": 25.374479948262643, "31_-81": 25.648033781927996, "31_-79": 25.478408008223585, "31_-77": 25.303975857112007, "31_-75": 24.77741083873557, "31_-73": 23.50862336127921, "31_-71": 22.97419517667864}