{"40_-95": 26.790473789041645, "40_-93": 24.95150599887286, "40_-91": 25.592938086911413, "40_-89": 27.226434784907312, "40_-87": 26.670307130018802, "38_-95": 24.758945685121606, "38_-93": 24.069247605974102, "38_-91": 23.39356999162854, "38_-89": 25.99438535993615, "38_-87": 26.63478929183038, "36_-95": 25.2156329758956, "36_-93": 24.617552563325024, "36_-91": 25.553382542553816, "36_-89": 29.36575870177936, "36_-87": 25.991421410496564, "34_-95": 25.11065145384885, "34_-93": 26.07041110554313, "34_-91": 28.77284302751819, "34_-89": 27.57475224096795, "34_-87": 26.230510827523112, "40_-98": 24.945311978032223, "40_-96": 25.631368022064468, "40_-94": 25.21584272150439, "40_-92": 25.060856300012183, "40_-90": 27.410589962219323, "40_-88": 27.00534126960418, "40_-86": 26.681393337268467, "38_-98": 23.19812812953711, "38_-96": 24.069247605974102, "38_-94": 24.606646191036525, "38_-92": 24.430061768475465, "38_-90": 25.74012739856894, "38_-88": 27.401135214911893, "38_-86": 26.266430198206095, "36_-98": 24.588448259698573, "36_-96": 25.41216427734794, "36_-94": 24.721176076112787, "36_-92": 23.74607229280653, "36_-90": 27.54110045811373, "36_-88": 27.82495777690149, "36_-86": 26.287531212991993, "34_-98": 23.824257796888812, "34_-96": 24.409267686920813, "34_-94": 25.41216427734794, "34_-92": 25.919399264049417, "34_-90": 26.225946203567666, "34_-88": 26.536620753956832, "34_-86": 25.957431476183682, "32_-98": 23.578684615774048, "32_-96": 24.851510799667626, "32_-94": 25.32712946531431, "32_-92": 27.137335397326584, "32_-90": 26.333234973443684, "32_-88": 27.278252124950885, "32_-86": 26.46365057764461}