{"5_-75": 19.867366563437784, "5_-73": 19.57134435265599, "5_-71": 25.361041096123753, "5_-69": 25.56469727760448, "5_-67": 20.46901948078302, "5_-65": 23.49769351308596, "5_-63": 25.013178685506233, "5_-61": 19.895089466938728, "5_-59": 26.18820509914499, "5_-57": 25.439059221259743, "5_-55": 25.58999866436788, "5_-53": 23.70748213197148, "5_-51": 25.209620976963805, "3_-75": 17.533176447290987, "3_-73": 25.240748953607504, "3_-71": 25.547553419831473, "3_-69": 25.706980828741948, "3_-67": 27.00346042097618, "3_-65": 26.028892032542053, "3_-63": 24.0463579541333, "3_-61": 26.04278369819904, "3_-59": 24.45939717168279, "3_-57": 23.691685514684746, "3_-55": 23.054390848921077, "3_-53": 23.792172770964836, "3_-51": 24.80557303000291, "1_-75": 24.07302304190233, "1_-73": 25.73167993218587, "1_-71": 25.13119052914079, "1_-69": 26.594730389063674, "1_-67": 26.174605663241625, "1_-65": 24.558287038268908, "1_-63": 25.383496907472296, "1_-61": 25.490502619150735, "1_-59": 23.409351549880753, "1_-57": 24.484173155908636, "1_-55": 23.586628935684264, "1_-53": 23.916262939301188, "1_-51": 24.664771012201278, "-1_-75": 25.34054918370028, "-1_-73": 25.792120660291324, "-1_-71": 25.81317880713077, "-1_-69": 25.44655304382783, "-1_-67": 26.114584282330792, "-1_-65": 25.96827960602169, "-1_-63": 25.87373511134802, "-1_-61": 27.318013926868385, "-1_-59": 27.28432051015488, "-1_-57": 24.83267093611315, "-1_-55": 24.7164166303899, "-1_-53": 24.82513186206381, "-1_-51": 25.466417671909625, "-3_-75": 25.893231412170966, "-3_-73": 26.322427798630088, "-3_-71": 25.90693540834334, "-3_-69": 26.00413527500898, "-3_-67": 26.43538665246023, "-3_-65": 26.122810467527724, "-3_-63": 25.90693540834334, "-3_-61": 26.902072468072884, "-3_-59": 26.20711834871764, "-3_-57": 27.58049101414333, "-3_-55": 25.299573095542367, "-3_-53": 25.323311656572834, "-3_-51": 24.21644106619957, "-5_-75": 26.062200868885615, "-5_-73": 26.287546228110426, "-5_-71": 26.21579577858507, "-5_-69": 26.015555052667278, "-5_-67": 26.143928600480027, "-5_-65": 25.744447809448094, "-5_-63": 26.34089653256851, "-5_-61": 26.045958850685395, "-5_-59": 27.438847770130504, "-5_-57": 24.9887102923233, "-5_-55": 24.749879254598046, "-5_-53": 25.083693175040388, "-5_-51": 24.567525137626415, "-7_-75": 25.982707465937832, "-7_-73": 25.50250800283146, "-7_-71": 26.46400804944141, "-7_-69": 25.42453961132389, "-7_-67": 25.272376441798073, "-7_-65": 25.20048518392529, "-7_-63": 25.589377013293134, "-7_-61": 26.116954357413004, "-7_-59": 25.952226740045067, "-7_-57": 23.798486142267418, "-7_-55": 24.829509958022793, "-7_-53": 24.291850369280215, "-7_-51": 23.42776431386153, "-9_-75": 25.057651136297814, "-9_-73": 25.73167993218587, "-9_-71": 25.93262434046119, "-9_-69": 25.865837397647393, "-9_-67": 25.35621375239922, "-9_-65": 24.52679345146691, "-9_-63": 25.16322661796465, "-9_-61": 26.21579577858507, "-9_-59": 26.60649786837349, "-9_-57": 25.180184159983078, "-9_-55": 23.714858987403037, "-9_-53": 24.103535256806623, "-9_-51": 23.68467519516601, "-11_-75": 2.7690614527428963, "-11_-73": 23.057376498414033, "-11_-71": 24.65088381768239, "-11_-69": 25.451207813349306, "-11_-67": 26.199016569361117, "-11_-65": 24.655361150589517, "-11_-63": 25.692883315006892, "-11_-61": 25.001922071729744, "-11_-59": 23.95421181017736, "-11_-57": 23.25722766450633, "-11_-55": 23.114766271330247, "-11_-53": 24.046107470125822, "-11_-51": 23.53105208983399, "-13_-75": 16.171914270399228, "-13_-73": 7.0647501373169845, "-13_-71": -0.038388928677915324, "-13_-69": 20.445339431526676, "-13_-67": 25.193674653801775, "-13_-65": 25.804100601010905, "-13_-63": 26.31769501806543, "-13_-61": 25.137213016997606, "-13_-59": 22.31559163315662, "-13_-57": 22.24209230402107, "-13_-55": 23.42509024443454, "-13_-53": 23.375980545696063, "-13_-51": 23.863770376792065}