{"45_-80": 23.986294920440752, "45_-79": 23.695539579119778, "45_-78": 23.792172770964836, "45_-77": 23.61517852433969, "45_-76": 24.97841923156468, "45_-75": 26.079596428911263, "45_-74": 25.87163478508686, "45_-73": 26.179100263568028, "45_-72": 24.90894114212598, "45_-71": 23.530521193621738, "44_-80": 23.778624299105193, "44_-79": 24.29695144230238, "44_-78": 25.09578882512534, "44_-77": 25.804100601010905, "44_-76": 26.073653572194104, "44_-75": 25.073789357673906, "44_-74": 25.539586367136835, "44_-73": 24.92105280952087, "44_-72": 26.281961625317148, "44_-71": 27.44623109086196, "43_-80": 25.046655813026288, "43_-79": 24.745058354526513, "43_-78": 24.997628992767872, "43_-77": 25.86166975766277, "43_-76": 27.048492828448367, "43_-75": 27.679594935151595, "43_-74": 27.073516922668905, "43_-73": 24.51059223830438, "43_-72": 26.854856239873133, "43_-71": 28.02103385862497, "42_-80": 26.24975780656883, "42_-79": 25.036735898226155, "42_-78": 24.13800310675241, "42_-77": 24.503312060931385, "42_-76": 26.653662534668907, "42_-75": 25.958843158609056, "42_-74": 28.91509917483187, "42_-73": 26.875911280647898, "42_-72": 27.67747801060837, "42_-71": 27.756550179488382, "41_-80": 25.366718456953205, "41_-79": 25.539725101816426, "41_-78": 25.248360758368506, "41_-77": 27.429332541581527, "41_-76": 27.581046196620118, "41_-75": 27.854742402851667, "41_-74": 29.483930889794078, "41_-73": 26.636941550453283, "41_-72": 22.507676192105755, "41_-71": 22.425507034315682, "40_-80": 26.199016569361117, "40_-79": 23.93122647163681, "40_-78": 25.886214326972397, "40_-77": 26.420853281300186, "40_-76": 27.52858871873065, "40_-75": 28.74949541707505, "40_-74": 28.462360573818483, "40_-73": 24.279325849193803, "40_-72": 24.05029912945299, "40_-71": 23.731525458570307, "39_-80": 24.734528729937328, "39_-79": 26.5386836351843, "39_-78": 24.920894482148817, "39_-77": 28.0076175517296, "39_-76": 27.497060791035562, "39_-75": 28.2508444553614, "39_-74": 25.13119052914079, "39_-73": 24.738139294674188, "39_-72": 25.07366995038328, "39_-71": 25.467663547214872, "38_-80": 21.823214837043356, "38_-79": 25.664660270202106, "38_-78": 27.393983261965044, "38_-77": 28.51790217198337, "38_-76": 27.461054492182168, "38_-75": 25.97175925045498, "38_-74": 25.52424155648995, "38_-73": 25.63389726513402, "38_-72": 25.763158612951294, "38_-71": 26.025027853552654}