{"40_130": 23.639731389012045, "40_132": 24.136797527531552, "40_134": 22.77714783071502, "40_136": 22.43966733021946, "40_138": 20.769577939058117, "40_140": 23.704252835886777, "40_142": 19.853234794905365, "40_144": 15.869338603597594, "38_130": 26.04387827942317, "38_132": 25.73167993218587, "38_134": 25.727407190372592, "38_136": 26.15715185972959, "38_138": 26.14283937413021, "38_140": 23.764391866660503, "38_142": 22.34928477765206, "38_144": 20.28633663501379, "36_130": 25.451207813349306, "36_132": 26.703393417037244, "36_134": 26.736605695459744, "36_136": 23.937971108024644, "36_138": 22.622161664284825, "36_140": 26.079596428911263, "36_142": 25.589377013293134, "36_144": 25.113617276484863, "34_130": 26.934527709212993, "34_132": 26.908116140990376, "34_134": 23.500999633814498, "34_136": 26.57486196810788, "34_138": 27.3926216225108, "34_140": 27.00267830534489, "34_142": 27.052447731831304, "34_144": 26.419718214100712}