{"35_-120": 16.45317396337698, "35_-119": 21.56052387005337, "35_-118": 18.34762014743999, "35_-117": 18.690040138758366, "34_-120": 16.906449208381257, "34_-119": 21.54260649614722, "34_-118": 20.37282089698135, "34_-117": 19.719349961514535, "33_-120": 17.443606736050846, "33_-119": 19.180209928535415, "33_-118": 20.258270293040805, "33_-117": 20.573473479759638}