{"60_-135": 17.515530133171115, "60_-133": 15.649917185914823, "60_-131": 15.388058952836616, "60_-129": 18.022390750533763, "60_-127": 19.10545164850756, "60_-125": 15.963658708863502, "60_-123": 23.396429048302377, "60_-121": 20.38817026027168, "60_-119": 20.4913986602543, "60_-117": 22.114753115427657, "60_-115": 23.909036610277735, "60_-113": 17.885238082941513, "60_-111": 19.311289260578807, "58_-135": 18.121121816654647, "58_-133": 10.3373764634517, "58_-131": 22.18188393455218, "58_-129": 15.97226050637132, "58_-127": 15.311559793606214, "58_-125": 14.732714279364632, "58_-123": 20.58706493410014, "58_-121": 22.98105715354413, "58_-119": 21.78123970685702, "58_-117": 22.04266359212841, "58_-115": 21.869001042804673, "58_-113": 20.06886658890424, "58_-111": 21.604865339471672, "56_-135": 12.052183634655979, "56_-133": 19.236359421609528, "56_-131": 21.639456508200503, "56_-129": 21.87536373118718, "56_-127": 21.641223436981466, "56_-125": 19.418121504940313, "56_-123": 24.27822471721178, "56_-121": 22.97532575061851, "56_-119": 24.351558445946853, "56_-117": 23.542333385153984, "56_-115": 22.431059298914253, "56_-113": 22.183911710453895, "56_-111": 21.186103519384744, "54_-135": 12.150209999943112, "54_-133": 16.834632763081828, "54_-131": 13.006827388815363, "54_-129": 21.577122621290645, "54_-127": 22.296833962680253, "54_-125": 24.41803595850851, "54_-123": 22.511625035966297, "54_-121": 25.06312531237916, "54_-119": 21.495147974818316, "54_-117": 22.183911710453895, "54_-115": 22.876093068177116, "54_-113": 22.674127816860537, "54_-111": 20.571934423912207, "52_-135": 12.16037591130976, "52_-133": 13.285371599815381, "52_-131": 21.238806884715135, "52_-129": 16.030435443334, "52_-127": 18.937142000818973, "52_-125": 21.733588462167678, "52_-123": 20.458065627546603, "52_-121": 20.482800394995554, "52_-119": 17.938784681181314, "52_-117": 11.177695631786813, "52_-115": 21.981165451985966, "52_-113": 21.339209281482752, "52_-111": 19.798301426217517, "50_-135": 11.801515332532599, "50_-133": 13.079859982081125, "50_-131": 14.082890000980246, "50_-129": 14.549446150988974, "50_-127": 23.921295411010085, "50_-125": 24.295219597286124, "50_-123": 21.7817085502552, "50_-121": 23.21379231318049, "50_-119": 22.54510750009047, "50_-117": 20.029733381569642, "50_-115": 19.006454879116976, "50_-113": 19.656909187294993, "50_-111": 19.425639362939425, "48_-135": 12.28815583677535, "48_-133": 12.405948234264873, "48_-131": 13.433169403650151, "48_-129": 14.992966497988647, "48_-127": 16.128106193848982, "48_-125": 17.536263606177535, "48_-123": 25.627878190328378, "48_-121": 18.566277250507586, "48_-119": 24.23808548315326, "48_-117": 21.398229592231747, "48_-115": 21.95402513892254, "48_-113": 17.67672209553245, "48_-111": 17.136138187804246, "46_-135": 13.068453143715587, "46_-133": 12.870987120167701, "46_-131": 13.190179207493674, "46_-129": 14.682144947104447, "46_-127": 16.38574733116859, "46_-125": 18.105301069935678, "46_-123": 27.30575624486038, "46_-121": 19.10014741972085, "46_-119": 22.462582855908835, "46_-117": 19.885229008996063, "46_-115": 15.82725029569606, "46_-113": 15.498882958229363, "46_-111": 14.699147830508892, "44_-135": 13.943258328099027, "44_-133": 13.339552616587742, "44_-131": 13.673637384542715, "44_-129": 13.943258328099027, "44_-127": 15.686629426387153, "44_-125": 15.697898345258277, "44_-123": 24.162054947050247, "44_-121": 18.6963403787594, "44_-119": 17.32931018255132, "44_-117": 19.542165572953905, "44_-115": 12.671534806552348, "44_-113": 11.256387182938163, "44_-111": 14.205734265501103, "42_-135": 13.899868984967998, "42_-133": 14.110733363640001, "42_-131": 14.05578223578085, "42_-129": 14.366376936998357, "42_-127": 15.14184230498655, "42_-125": 12.623541778590752, "42_-123": 24.301105461644173, "42_-121": 16.970868953199552, "42_-119": 16.044558432150424, "42_-117": 16.48337923930486, "42_-115": 14.529239032313697, "42_-113": 16.144851213518507, "42_-111": 13.570895589088575}