{"42_-94": 26.767364193481967, "42_-93": 25.20048518392529, "42_-92": 24.515072229087338, "42_-91": 24.82365987191484, "42_-90": 24.737923078407253, "42_-89": 25.332046635288048, "42_-88": 24.069115016962062, "42_-87": 23.598290462190388, "41_-94": 26.63207199908873, "41_-93": 25.600959654540954, "41_-92": 25.95838543228809, "41_-91": 26.211018171171627, "41_-90": 25.796684115680158, "41_-89": 25.494421364070387, "41_-88": 25.20048518392529, "41_-87": 25.665490068482466, "40_-94": 26.311690269033463, "40_-93": 26.14092644727353, "40_-92": 25.98951304105613, "40_-91": 26.07111793054677, "40_-90": 25.834737463771887, "40_-89": 25.745230917044374, "40_-88": 26.31020720483031, "40_-87": 26.058803407992105, "39_-94": 25.403079398529073, "39_-93": 25.44429043916949, "39_-92": 24.23808548315326, "39_-91": 25.01928691795024, "39_-90": 25.789963419869643, "39_-89": 25.023881450652144, "39_-88": 25.77117529988139, "39_-87": 25.3206110156399, "38_-94": 24.04034934208105, "38_-93": 22.900063319754423, "38_-92": 23.81657251167309, "38_-91": 23.221695753740804, "38_-90": 25.085468537505918, "38_-89": 25.40970291951457, "38_-88": 25.752331561789884, "38_-87": 25.32712946531431, "37_-94": 21.561257212427403, "37_-93": 22.969342053926933, "37_-92": 22.991141112270583, "37_-91": 24.353121506964538, "37_-90": 26.31020720483031, "37_-89": 25.44334726956463, "37_-88": 25.43321208843415, "37_-87": 25.457758858400208, "36_-94": 22.976032554356646, "36_-93": 23.10902865188469, "36_-92": 23.964840011600366, "36_-91": 25.153515244659353, "36_-90": 25.10764565613944, "36_-89": 25.825058040784565, "36_-88": 26.07111793054677, "36_-87": 25.525655752271668, "35_-94": 24.63578899153608, "35_-93": 23.916539503458132, "35_-92": 24.90470890974351, "35_-91": 25.17853781532397, "35_-90": 24.98739447246145, "35_-89": 24.217590988267222, "35_-88": 24.071508345320684, "35_-87": 24.55246380699228}