{"52_0": 24.375129818858692, "52_2": 19.404060332538545, "52_4": 24.30560746175405, "52_6": 26.619177161626755, "52_8": 22.931335136362712, "52_10": 22.987102858928345, "52_12": 20.914497541749046, "52_14": 20.36706629690322, "50_0": 20.50192072206116, "50_2": 24.15838780918113, "50_4": 24.21732725275284, "50_6": 21.36846378760152, "50_8": 21.810342164397852, "50_10": 21.81001241796589, "50_12": 19.236359421609528, "50_14": 20.227983030468923, "48_0": 23.21676962132649, "48_2": 22.865309446735687, "48_4": 22.454992037658382, "48_6": 21.91823641635017, "48_8": 23.422695211951744, "48_10": 21.413890677194356, "48_12": 21.78099712310312, "48_14": 21.293760458422003, "46_0": 24.12529134209524, "46_2": 20.860387387865455, "46_4": 20.879794133219274, "46_6": 21.650056804515202, "46_8": 11.985914375373842, "46_10": 17.805083489010762, "46_12": 22.466976975767224, "46_14": 22.20536896670414, "44_0": 24.071508345320684, "44_2": 22.644121738937052, "44_4": 22.233343263568994, "44_6": 19.55327832132403, "44_8": 21.50035377752835, "44_10": 26.270668565172432, "44_12": 23.292493602107495, "44_14": 25.172168368529245, "53_0": 24.037232729226712, "53_2": 18.134886864301297, "53_4": 20.48760419961336, "53_6": 26.515938505015033, "53_8": 24.078706758068908, "53_10": 21.62154023559627, "53_12": 21.523078166110402, "53_14": 21.090096416514637, "51_0": 24.470434135528343, "51_2": 24.63727670711769, "51_4": 24.797952775736533, "51_6": 23.76899454539645, "51_8": 21.94977860833922, "51_10": 21.951658226841605, "51_12": 20.138039641229756, "51_14": 20.340130643531353, "49_0": 25.756767851595875, "49_2": 23.059628035349114, "49_4": 22.409142964676377, "49_6": 20.996779252511267, "49_8": 22.409142964676377, "49_10": 22.265242638015334, "49_12": 21.266159363013426, "49_14": 20.071851085547138, "47_0": 22.887853119179862, "47_2": 23.04282032263858, "47_4": 19.989687699662714, "47_6": 22.370549249166448, "47_8": 21.385753703577212, "47_10": 21.21548796917805, "47_12": 20.971432773414488, "47_14": 17.785064236219434, "45_0": 24.002474063776177, "45_2": 21.211536459980845, "45_4": 20.7381091507372, "45_6": 12.190978461789339, "45_8": 23.937311098947166, "45_10": 26.045958850685395, "45_12": 24.629197203139363, "45_14": 24.371576639422027, "43_0": 20.555251185875285, "43_2": 23.294682066184503, "43_4": 23.76776977267913, "43_6": 24.225182229695253, "43_8": 24.106497030511296, "43_10": 25.296762504170243, "43_12": 22.842552805054922, "43_14": 25.00414787097687}