{"-20_-45": 22.74534414978449, "-20_-44": 21.388925786001888, "-20_-43": 22.429616698032387, "-20_-42": 26.94499008420965, "-20_-41": 27.02747249887537, "-21_-45": 22.57961946858527, "-21_-44": 21.80248663313712, "-21_-43": 27.396693021150117, "-21_-42": 23.759898644718774, "-21_-41": 27.43765633078988, "-22_-45": 23.542333385153984, "-22_-44": 29.496888983742668, "-22_-43": 28.69254730156955, "-22_-42": 26.790473789041645, "-22_-41": 25.171847461942512, "-23_-45": 30.237558312894127, "-23_-44": 34.64832803792537, "-23_-43": 29.184557129812564, "-23_-42": 24.679676150675046, "-23_-41": 24.136797527531552, "-24_-45": 26.55367113670954, "-24_-44": 27.18711633888049, "-24_-43": 25.804881786932192, "-24_-42": 24.59695026048654, "-24_-41": 24.541613599096525}