{"40_60": 14.370981666190065, "40_64": 12.449223759691332, "40_68": 15.280774927302229, "40_72": 9.907582330259721, "40_76": 9.534358196153233, "40_80": 16.10407264528443, "40_84": 14.529239032313697, "40_88": 13.387689971900674, "40_92": 11.682869268027673, "40_96": 8.194235388734013, "40_100": 12.040833982918848, "40_104": 11.361411850979138, "40_108": 12.277764933440931, "40_112": 12.86891846436746, "40_116": 19.814547918103614, "40_120": 18.98206596772826, "40_124": 16.34785628736986, "40_128": 18.836911267895335, "40_132": 14.78530505187484, "40_136": 13.647757960543732, "40_140": 13.878265330040527, "40_144": 12.574787954798257, "40_148": 18.27724657555881, "36_60": 14.035924570993725, "36_64": 14.48943768070129, "36_68": 11.405890230320587, "36_72": 10.589994298897642, "36_76": -8.037944110444938, "36_80": 5.204204601893943, "36_84": -3.066252761352924, "36_88": -0.6517868383179337, "36_92": -2.72487545372692, "36_96": 2.387121573959261, "36_100": 4.001425805425434, "36_104": 11.330074638951906, "36_108": 13.98222908863097, "36_112": 13.219590961500518, "36_116": 18.04571888911623, "36_120": 16.628014153851264, "36_124": 16.54004573917778, "36_128": 16.95691478407524, "36_132": 17.236289658938475, "36_136": 12.303340207445626, "36_140": 18.475501945841188, "36_144": 17.760813072352068, "36_148": 21.98677466839636, "32_60": 15.278415544891697, "32_64": 14.937734223931376, "32_68": 9.550876177765815, "32_72": 19.26019578060721, "32_76": 24.937816520515934, "32_80": -3.6537249547315476, "32_84": 3.83697137129845, "32_88": 5.422298449863055, "32_92": 5.307944421006553, "32_96": 10.876978566422421, "32_100": 12.099043223601345, "32_104": 14.861030441146067, "32_108": 15.304841413547376, "32_112": 18.371513919369587, "32_116": 20.04236724221055, "32_120": 19.33091047891101, "32_124": 17.3716457897426, "32_128": 17.75779964709231, "32_132": 19.26700143318678, "32_136": 18.964549415831808, "32_140": 21.855626763748234, "32_144": 22.64559820451308, "32_148": 22.910743178595023, "28_60": 14.70541922819502, "28_64": 17.917865134466826, "28_68": 18.861957070134093, "28_72": 25.61000947872968, "28_76": 25.105058988866304, "28_80": 28.896463347688712, "28_84": 23.375500375298156, "28_88": -1.2040605805593678, "28_92": 4.8881763858661476, "28_96": 25.602674182932546, "28_100": 13.010948676389866, "28_104": 23.940740537508777, "28_108": 18.51115298552368, "28_112": 21.60056181824779, "28_116": 23.918880755574175, "28_120": 16.468317989512705, "28_124": 19.95351803066205, "28_128": 22.33350852564647, "28_132": 23.65724731415995, "28_136": 25.153227890799634, "28_140": 24.541169109227543, "28_144": 25.00414787097687, "28_148": 24.16715563672867, "24_60": 30.200981541971057, "24_64": 29.060423208754603, "24_68": 28.549163054283095, "24_72": 27.68485631359051, "24_76": 25.67273763225775, "24_80": 25.70101024876532, "24_84": 24.07410658844518, "24_88": 31.151904395315565, "24_92": 28.038756002808835, "24_96": 28.66515390219087, "24_100": 19.121039198213623, "24_104": 20.433135061871806, "24_108": 26.687504777103452, "24_112": 24.664117848418428, "24_116": 21.78123970685702, "24_120": 24.61399483200513, "24_124": 25.064064660930928, "24_128": 25.566161914967317, "24_132": 25.73868501656289, "24_136": 26.274373022460857, "24_140": 25.451207813349306, "24_144": 25.144983728826904, "24_148": 24.63359853442938, "20_60": 27.832750897886232, "20_64": 27.58049101414333, "20_68": 27.410290527955052, "20_72": 26.8425212448152, "20_76": 23.839596584293695, "20_80": 28.971927961572643, "20_84": 25.90972171855818, "20_88": 29.260463873771972, "20_92": 28.320439957044595, "20_96": 26.427518071063577, "20_100": 26.57486196810788, "20_104": 24.727837379081233, "20_108": 28.657394066913877, "20_112": 26.416158230494027, "20_116": 26.662531493235758, "20_120": 26.416158230494027, "20_124": 26.709421447293842, "20_128": 26.274373022460857, "20_132": 26.349684663583233, "20_136": 25.85805223849147, "20_140": 25.233838244655963, "20_144": 24.80066609046037, "20_148": 24.77741083873557, "16_60": 27.471537197158288, "16_64": 27.48370556264545, "16_68": 27.6873305213629, "16_72": 27.72996614849679, "16_76": 24.30204646726912, "16_80": 27.43765633078988, "16_84": 29.998575977570543, "16_88": 28.570380225806378, "16_92": 27.48370556264545, "16_96": 27.280370666079392, "16_100": 27.8273263537934, "16_104": 26.93312500782338, "16_108": 22.847972783370537, "16_112": 27.77406187559929, "16_116": 27.247523601554096, "16_120": 26.469474621847173, "16_124": 27.05068974167688, "16_128": 26.75493396098222, "16_132": 26.12870776561727, "16_136": 26.00863717640018, "16_140": 25.42309533156935, "16_144": 25.13920967440566, "16_148": 24.949952480058986, "12_60": 26.902072468072884, "12_64": 26.99977809597888, "12_68": 26.856610645100623, "12_72": 27.417701794149014, "12_76": 22.89379178779577, "12_80": 29.356478644334413, "12_84": 28.567371620102822, "12_88": 27.72996614849679, "12_92": 27.03368831940861, "12_96": 26.937149500964072, "12_100": 27.304329851761057, "12_104": 26.807161622060693, "12_108": 24.760695213570095, "12_112": 28.05051012977722, "12_116": 26.97857676470677, "12_120": 26.467219805998656, "12_124": 27.002167259895366, "12_128": 26.199016569361117, "12_132": 26.16965711589468, "12_136": 26.12870776561727, "12_140": 25.80160929248426, "12_144": 25.92548253833619, "12_148": 25.896237738653447, "8_60": 26.21579577858507, "8_64": 26.85146220718332, "8_68": 26.799033027336367, "8_72": 26.702765455285494, "8_76": 26.66229583432988, "8_80": 26.5224289839496, "8_84": 27.6873305213629, "8_88": 26.57977515700514, "8_92": 26.4998978059571, "8_96": 27.51370512547847, "8_100": 27.819604598024338, "8_104": 27.722049360124036, "8_108": 27.376626450053624, "8_112": 26.991568127015796, "8_116": 26.787105227829098, "8_120": 26.45766765451942, "8_124": 24.386563570473644, "8_128": 26.265660644154174, "8_132": 26.4998978059571, "8_136": 26.254220056969302, "8_140": 26.31769501806543, "8_144": 26.22549341506902, "8_148": 26.16965711589468, "4_60": 26.44514925410072, "4_64": 26.465349135200743, "4_68": 26.4998978059571, "4_72": 26.31769501806543, "4_76": 26.272292511637925, "4_80": 26.17576417782521, "4_84": 26.419064670850346, "4_88": 26.254220056969302, "4_92": 26.427518071063577, "4_96": 27.304329851761057, "4_100": 27.296200816719065, "4_104": 27.827005580910015, "4_108": 28.33931219148621, "4_112": 26.906170087025917, "4_116": 22.233498655592143, "4_120": 26.212690243184504, "4_124": 26.702765455285494, "4_128": 26.027112055097966, "4_132": 26.24975780656883, "4_136": 26.061655262353888, "4_140": 26.085494578473792, "4_144": 26.021218455811564, "4_148": 26.04787425067064, "0_60": 25.72306796198307, "0_64": 25.97765001300987, "0_68": 25.77689678087221, "0_72": 26.06329079527196, "0_76": 25.97765001300987, "0_80": 26.265660644154174, "0_84": 26.199016569361117, "0_88": 26.07706758877919, "0_92": 26.061655262353888, "0_96": 26.44514925410072, "0_100": 24.501395785599847, "0_104": 27.221034167717665, "0_108": 27.12969171058859, "0_112": 26.977472025934425, "0_116": 26.966560399414217, "0_120": 24.287551728962796, "0_124": 26.085494578473792, "0_128": 26.254220056969302, "0_132": 26.413962649804134, "0_136": 25.838428260092275, "0_140": 25.829746604942713, "0_144": 25.692134894207598, "0_148": 25.542538708809456, "-4_60": 25.500065426147007, "-4_64": 25.02708994920621, "-4_68": 25.206936061870618, "-4_72": 25.193674653801775, "-4_76": 25.349522883685868, "-4_80": 25.547993564602095, "-4_84": 25.638274690223927, "-4_88": 25.595095156436994, "-4_92": 25.789650694767, "-4_96": 25.92548253833619, "-4_100": 26.30842611316993, "-4_104": 20.751607619915404, "-4_108": 26.702765455285494, "-4_112": 26.709421447293842, "-4_116": 27.281715686580004, "-4_120": 24.069115016962062, "-4_124": 26.021218455811564, "-4_128": 26.122810467527724, "-4_132": 25.97765001300987, "-4_136": 29.90274392259793, "-4_140": 26.99977809597888, "-4_144": 22.66767008020406, "-4_148": 25.741565023164114, "35_40": 18.476315988759715,